asset,weight
HDFCBANK.NS,0.015882789098533
INFY.NS,0.0175315976322007
ITC.NS,0.0156274084336698
RELIANCE.NS,0.9509582048355965
