asset,weight
HDFCBANK.NS,0.2895307381338699
INFY.NS,0.1813363647700151
ITC.NS,0.3617608953063125
RELIANCE.NS,0.1673720017898023
