metric,value
Annual Return,0.0008050510881031876
Annual Volatility,0.137660920736887
Risk Free Rate,0.065
Sharpe Ratio,-0.4663265984875505
