metric,value
Historical VaR 95%,-0.01360586442459841
Historical VaR 99%,-0.023161530482298284
CVaR 95%,-0.01956804282833015
CVaR 99%,-0.02845187418944752
